model,params,fp32_ms_per_sample,int8_ms_per_sample,fp32_size_mb,int8_size_mb,size_reduction_pct
mlp,107970,0.036232776252518306,0.0700431350026065,0.42084789276123047,0.1176919937133789,72.03455316333213
