,10-shot,50-shot,100-shot,500-shot
vit,0.5979692229553991,0.5448156967426528,0.5444086922025829,0.6684224115672606
