,10-shot,50-shot,100-shot,500-shot
wavkan,0.6223069403714565,0.6679538315917364,0.6846048497542898,0.7913342597001293
