,10-shot,50-shot,100-shot,500-shot
mlp,0.30349793531808467,0.21641092814371257,0.19402047260377478,0.38734099899858665
