,10-shot,50-shot,100-shot,500-shot
resnet,0.30901817798301984,0.4563209750597331,0.5645991679215299,0.7260603040119611
