,10-shot,50-shot,100-shot,500-shot
resnet,0.36893520256724494,0.48757522624071115,0.54964673526483,0.7145344678752004
