,10-shot,50-shot,100-shot,500-shot
mlp,0.31710196156848075,0.24323311860497573,0.19088459285295842,0.3924796335082201
