,10-shot,50-shot,100-shot,500-shot
spline_kan,0.37420314948236016,0.6375009976853699,0.6689224131562228,0.7644759157939116
