,10-shot,50-shot,100-shot,500-shot
vit,0.5413378053822533,0.5734657663678473,0.5877698314992152,0.6992413840116081
