,10-shot,50-shot,100-shot,500-shot
spline_kan,0.5071212493666377,0.5983649493022037,0.632486638116252,0.7993504015783939
