,10-shot,50-shot,100-shot,500-shot
resnet,0.33459106442597797,0.4915051696368265,0.5673214579079537,0.7299741418840024
