,10-shot,50-shot,100-shot,500-shot
spline_kan,0.37402870496395674,0.6580309889079233,0.654547555518205,0.7707637312865867
