,10-shot,50-shot,100-shot,500-shot
mlp,0.36064383858192517,0.24829175928212727,0.1727024435832776,0.39577273470781094
