,10-shot,50-shot,100-shot,500-shot
wavkan,0.28936423054070115,0.44964365860274713,0.503390237488137,0.6884154132278291
