,10-shot,50-shot,100-shot,500-shot
wavkan,0.497479806298753,0.5332489698915107,0.6437495685787258,0.7907601936360331
