,10-shot,50-shot,100-shot,500-shot
vit,0.5580975891547288,0.5196974248341025,0.6176289621499316,0.7158235455369757
