,10-shot,50-shot,100-shot,500-shot
wavkan,0.4538746309221077,0.45898072554934954,0.4714671093587881,0.5833024796238722
