,10-shot,50-shot,100-shot,500-shot
spline_kan,0.4747029838846702,0.6602727272727272,0.6749813363195222,0.7668411716350106
