,10-shot,50-shot,100-shot,500-shot
wavkan,0.35332433416897,0.530854491177253,0.6219910909841182,0.7226267996008023
