,10-shot,50-shot,100-shot,500-shot
dann,0.347408081070547,0.36510959421964495,0.43496913538738785,0.7618706081899685
