,10-shot,50-shot,100-shot,500-shot
vit,0.5507870697508109,0.4557183243382164,0.538199478109597,0.659804989505566
