,10-shot,50-shot,100-shot,500-shot
wavkan,0.2990114456295096,0.43797165650665465,0.534429828423172,0.7152087251972
