,10-shot,50-shot,100-shot,500-shot
dann,0.38985455835402627,0.5781274006698829,0.7099504267388971,0.789712556732224
