,10-shot,50-shot,100-shot,500-shot
wavkan,0.41179069978245103,0.5751774944652264,0.6023611210227446,0.7246013857584106
