,10-shot,50-shot,100-shot,500-shot
wavkan,0.497479806298753,0.5397393174151864,0.6306519191257765,0.7943452296182365
