,10-shot,50-shot,100-shot,500-shot
spline_kan,0.388471106688464,0.6280413400384558,0.6762503829656863,0.7811501984521219
