,10-shot,50-shot,100-shot,500-shot
spline_kan,0.5046670304358953,0.5037489204679281,0.5212335913425375,0.5965773947425324
