,10-shot,50-shot,100-shot,500-shot
resnet,0.30901817798301984,0.4875260145681582,0.5572401064263285,0.7315119904253905
