,10-shot,50-shot,100-shot,500-shot
dann,0.30159673226884515,0.3381994427675876,0.4350778770207426,0.769523754283698
