,10-shot,50-shot,100-shot,500-shot
dann,0.33490404573759147,0.3717868516833485,0.4200450062967525,0.7384947146729547
