,10-shot,50-shot,100-shot,500-shot
dann,0.41632321115966203,0.4696215930140249,0.5449100317389747,0.7750190041809198
