,10-shot,50-shot,100-shot,500-shot
vit,0.5135110862753707,0.5516795675866222,0.5845624478653219,0.7006792482144851
