,10-shot,50-shot,100-shot,500-shot
wavkan,0.25679236850621834,0.40491763565891475,0.4954689429979577,0.6985733169241989
