,10-shot,50-shot,100-shot,500-shot
wavkan,0.39602805360738835,0.5432013040126635,0.5792566035388521,0.7061495405053687
