,10-shot,50-shot,100-shot,500-shot
wavkan,0.5816174646489705,0.5911347772900626,0.6052115038517816,0.6760011564266417
