,10-shot,50-shot,100-shot,500-shot
vit,0.5823557836504816,0.5616457417822884,0.5853797483131377,0.6954419420700026
