,10-shot,50-shot,100-shot,500-shot
mlp,0.3595989792689249,0.22076262325048215,0.2073060152806579,0.40978682982706116
