,10-shot,50-shot,100-shot,500-shot
spline_kan,0.5081699139275165,0.6740681859871944,0.6937351579126989,0.7684837849428443
