,10-shot,50-shot,100-shot,500-shot
resnet,0.3589444525441026,0.48570395925743387,0.5621010966271047,0.7307675264761924
