,10-shot,50-shot,100-shot,500-shot
spline_kan,0.5071212493666377,0.595841930439771,0.6523464056548423,0.7998345471192144
