,10-shot,50-shot,100-shot,500-shot
mlp,0.3723900857438622,0.31934369602763385,0.2275104479484385,0.43344525223375324
