,10-shot,50-shot,100-shot,500-shot
wavkan,0.601656138270873,0.5699644345864087,0.6031328204652887,0.6765703384441462
