,10-shot,50-shot,100-shot,500-shot
resnet,0.270674146063698,0.5068747490967483,0.6139235421096892,0.7443582716193364
