,Clean,20dB,15dB,10dB,5dB,0dB
dann,0.4176199395895685,0.41299117326880275,0.4030635398267159,0.3822455564360919,0.3768615177802516,0.5295672454003628
