,Clean,20dB,15dB,10dB,5dB,0dB
mlp,0.6197268309867244,0.619691541335377,0.6191685398430368,0.6188059575155729,0.6175124517277015,0.6133785224433943
