,Clean,20dB,15dB,10dB,5dB,0dB
resnet,0.3248104364439668,0.31803190213480453,0.3105498330984907,0.30036402244805094,0.28859817644009395,0.1981044475040825
