,Clean,20dB,15dB,10dB,5dB,0dB
vit,0.6163837380062851,0.6159905924259895,0.6173851439366815,0.618570249702008,0.6237479372145681,0.6308092297692558
