,Clean,20dB,15dB,10dB,5dB,0dB
wavkan,0.24155570307313834,0.22663444375997094,0.20238181277955786,0.15948577401381037,0.12337829853453944,0.1561736426236791
