,Clean,20dB,15dB,10dB,5dB,0dB
mlp,0.6045397119191438,0.603878222878592,0.6039796511739856,0.6044024086314453,0.6021401428071789,0.5992555479499216
