,Clean,20dB,15dB,10dB,5dB,0dB
wavkan,0.38714358469899607,0.385443405398222,0.3772320326224223,0.36485542872614823,0.3724911987172784,0.3875402029715669
