,Clean,20dB,15dB,10dB,5dB,0dB
spline_kan,0.20560536670321874,0.18854296591585348,0.1624482358787477,0.12354381476052902,0.11406533343549664,0.2653634806338942
