,Clean,20dB,15dB,10dB,5dB,0dB
resnet,0.2984646443181215,0.29509319132750095,0.29054884331519376,0.2807004076243408,0.26533549891849034,0.35836444020861463
