,Clean,20dB,15dB,10dB,5dB,0dB
spline_kan,0.17637110016420363,0.15436303004598792,0.12670272097346627,0.08525724167747514,0.06195015947565806,0.05193775922648139
