,Clean,20dB,15dB,10dB,5dB,0dB
dann,0.36771613197073644,0.36581803153702,0.3649518487101442,0.3767866222247331,0.502647300494863,0.6710181819648786
