,Clean,20dB,15dB,10dB,5dB,0dB
resnet,0.2937230145978176,0.29267399826116136,0.2919424910858129,0.2972160263095791,0.3190971288578172,0.32196290505357683
