,Clean,20dB,15dB,10dB,5dB,0dB
dann,0.3570403741857729,0.3528607707858217,0.3481115399877349,0.3447268731384286,0.3832641596444892,0.6377192047900109
