,Clean,20dB,15dB,10dB,5dB,0dB
wavkan,0.24155570307313834,0.2267780708543269,0.2014988312971397,0.1569710408955642,0.12432917407413561,0.15635550905891862
