,Clean,20dB,15dB,10dB,5dB,0dB
mlp,0.5884005079816399,0.5878605894400667,0.5879761765127524,0.5855486079575226,0.5831304862586753,0.5757696198872669
