,Clean,20dB,15dB,10dB,5dB,0dB
wavkan,0.2825498287553681,0.27403104641615705,0.2590160888214435,0.2436214375670507,0.22740128109091465,0.2375075628904456
