,Clean,20dB,15dB,10dB,5dB,0dB
vit,0.6354922669720965,0.6362411672937506,0.6362317403297668,0.6353216753340503,0.6354149276765608,0.6331322689344094
