,Clean,20dB,15dB,10dB,5dB,0dB
dann,0.354370874174835,0.35566020906917833,0.3621346616429316,0.3999287310006442,0.5318514782249837,0.6706306758242163
