,Clean,20dB,15dB,10dB,5dB,0dB
vit,0.6119222820582773,0.6120261496574215,0.6114106188187483,0.6103064445484889,0.6083019216626945,0.6050436414753114
