,Clean,20dB,15dB,10dB,5dB,0dB
wavkan,0.19788905566378182,0.19672681359778804,0.18867621684523092,0.17402373490384382,0.1632692047471604,0.16982521412238888
