,Clean,20dB,15dB,10dB,5dB,0dB
wavkan,0.20176156326707417,0.19232259314263575,0.17804985265625764,0.1518826623574709,0.13790441780259485,0.19912978655428945
