,Clean,20dB,15dB,10dB,5dB,0dB
wavkan,0.20778786164474156,0.2043920403256085,0.19811403895302723,0.1842783194895871,0.1817554588576581,0.2192926187263598
