,Clean,20dB,15dB,10dB,5dB,0dB
resnet,0.2984646443181215,0.29559911130048394,0.2905693216690331,0.280993384598855,0.2664913333025731,0.36146517826511493
