,Clean,20dB,15dB,10dB,5dB,0dB
resnet,0.2621286919669249,0.2660109072273767,0.2696280047527648,0.28874130534071085,0.33963682258762135,0.4453315855329798
