,Clean,20dB,15dB,10dB,5dB,0dB
spline_kan,0.3281703270069727,0.30691292396465164,0.28991503282996606,0.3178549939831528,0.5034977841262865,0.6113421327698315
