,Clean,20dB,15dB,10dB,5dB,0dB
spline_kan,0.2918847967765076,0.2794207094076977,0.26402065383060125,0.2452564616703231,0.26942724876925334,0.5241964743349785
