,Clean,20dB,15dB,10dB,5dB,0dB
vit,0.6483483015553729,0.648501420303612,0.6481323917297711,0.646545842217484,0.6449593882667678,0.6403691173739353
