,Clean,20dB,15dB,10dB,5dB,0dB
spline_kan,0.20662645757941295,0.18147812380042308,0.15722905546530516,0.1392260747099457,0.16692791261735443,0.22339993121345714
