,Clean,20dB,15dB,10dB,5dB,0dB
dann,0.4249839285470039,0.4200824875273643,0.4108557653121136,0.3903577636965177,0.34269211560593227,0.37659244904504235
