,Clean,20dB,15dB,10dB,5dB,0dB
mlp,0.5427406111666429,0.5435275832499643,0.5423079676426372,0.5410334620392606,0.537045702698487,0.5242058319367053
