,Clean,20dB,15dB,10dB,5dB,0dB
vit,0.6277117797268791,0.6275250141589579,0.6276756908921871,0.6273524883604459,0.6261987981244475,0.6238429662603834
