,Clean,20dB,15dB,10dB,5dB,0dB
vit,0.6163837380062851,0.6162045772718973,0.6175904146399019,0.6193562184228917,0.6239898127869469,0.631672941776771
