,Clean,20dB,15dB,10dB,5dB,0dB
mlp,0.61285057130138,0.6129004531958119,0.6117526442862677,0.6110116083624297,0.6065688719611796,0.6006015358012146
