,Clean,20dB,15dB,10dB,5dB,0dB
resnet,0.40638346914701773,0.3977360149466974,0.38326666993562486,0.3529326501474841,0.29343312812649447,0.1583962380893454
